Species,Year,Count,Latitude,Longitude,Timeline
Condor,2010,102,36.591088,-121.075706,Historical
Condor,2010,50,36.48912,-121.032386,Historical
Condor,2010,48,36.504804,-121.128818,Historical
Condor,2010,39,36.597672,-121.073786,Historical
Condor,2010,40,36.501367,-121.087983,Historical
Condor,2011,40,36.548086,-121.059235,Historical
Condor,2011,120,36.409334,-121.107058,Historical
Condor,2011,38,36.459863,-121.117477,Historical
Condor,2011,35,36.450735,-121.036538,Historical
Condor,2011,36,36.514854,-121.118374,Historical
Condor,2011,39,36.511464,-121.172539,Historical
Condor,2011,40,34.895344,-119.483741,Historical
Condor,2011,36,36.543945,-121.127854,Historical
Condor,2011,35,34.786085,-118.794494,Historical
Condor,2011,42,36.485767,-121.046134,Historical
Condor,2012,35,36.417548,-121.174006,Historical
Condor,2012,32,34.306763,-119.272908,Historical
Condor,2012,33,36.586171,-121.197768,Historical
Condor,2012,30,36.540886,-121.187786,Historical
Condor,2012,28,36.456889,-121.142876,Historical
Condor,2012,32,34.94916,-119.393463,Historical
Condor,2012,35,36.410418,-121.131933,Historical
Condor,2013,28,36.456525,-121.137252,Historical
Condor,2013,26,34.481242,-118.846151,Historical
Condor,2013,15,34.533045,-118.889904,Historical
Condor,2013,22,36.590837,-121.177011,Historical
Condor,2013,25,36.449408,-121.032456,Historical
Condor,2013,20,36.575981,-121.193365,Historical
Condor,2013,28,36.413429,-121.251347,Historical
Condor,2013,25,36.513871,-121.100336,Historical
Condor,2013,23,36.419383,-121.174236,Historical
Condor,2013,20,36.477206,-121.053967,Historical
Condor,2014,18,36.402432,-121.032067,Historical
Condor,2014,18,36.351238,-121.927211,Historical
Condor,2014,18,36.576053,-121.093009,Historical
Condor,2014,15,36.58472,-121.18061,Historical
Condor,2014,15,36.564799,-121.366324,Historical
Condor,2014,18,36.553908,-121.027265,Historical
Condor,2014,7,36.575831,-121.146488,Historical
Condor,2014,7,36.576038,-121.288315,Historical
Condor,2014,7,35.761472,-121.233038,Historical
Condor,2015,13,36.50002,-121.342691,Historical
Condor,2015,13,36.493139,-121.157929,Historical
Condor,2015,15,36.498212,-121.087282,Historical
Condor,2015,15,36.542845,-121.085337,Historical
Condor,2015,20,36.441411,-121.045693,Historical
Condor,2015,29,36.528605,-121.063328,Historical
Condor,2016,40,36.540758,-121.023526,Historical
Condor,2016,39,36.502015,-121.056425,Historical
Condor,2016,39,36.52686,-121.076243,Historical
Condor,2016,18,36.414684,-121.010016,Historical
Condor,2016,18,36.573484,-121.062301,Historical
Condor,2016,18,36.493078,-121.191274,Historical
Condor,2016,11,34.856868,-119.290041,Historical
Condor,2016,11,36.446233,-121.085191,Historical
Condor,2016,11,36.534509,-121.184733,Historical
Condor,2017,15,36.459841,-121.947759,Historical
Condor,2017,14,34.880327,-119.220798,Historical
Condor,2017,14,34.830228,-119.298795,Historical
Condor,2017,14,34.980415,-119.293573,Historical
Condor,2017,6,34.940698,-119.383744,Historical
Condor,2017,6,34.80443,-119.22053,Historical
Condor,2017,6,34.874909,-119.347193,Historical
Condor,2017,14,34.921352,-119.285986,Historical
Condor,2017,14,34.921151,-119.364818,Historical
Condor,2017,14,34.886799,-119.254714,Historical
Condor,2018,27,34.419453,-119.021493,Historical
Condor,2018,27,36.410395,-121.192631,Historical
Condor,2018,27,34.645949,-119.642445,Historical
Condor,2018,19,36.548118,-121.10336,Historical
Condor,2018,19,36.549885,-121.055318,Historical
Condor,2018,19,35.755578,-121.077523,Historical
Condor,2018,10,35.729575,-121.11319,Historical
Condor,2018,10,36.544189,-121.06697,Historical
Condor,2018,24,36.279921,-121.920859,Historical
Condor,2019,20,36.499398,-121.378364,Historical
Condor,2019,25,36.40804,-121.07094,Historical
Condor,2019,16,36.510624,-121.133383,Historical
Condor,2019,16,36.48713,-121.06903,Historical
Condor,2019,19,36.572167,-121.066449,Historical
Condor,2019,15,34.967586,-119.327777,Historical
Condor,2019,15,34.644862,-118.723157,Historical
Condor,2019,15,36.437766,-121.134009,Historical
Condor,2020,34,36.221282,-121.776264,Historical
Condor,2020,35,36.324167,-121.966758,Historical
Condor,2020,32,36.429097,-121.199,Historical
Condor,2020,13,36.549915,-121.074958,Historical
Condor,2020,13,37.42392,-121.632458,Historical
Condor,2020,32,36.894386,-121.404886,Historical
Condor,2021,33,36.980526,-121.420199,Historical
Condor,2021,23,36.453295,-121.224512,Historical
Condor,2021,14,36.484347,-121.380943,Historical
Condor,2021,18,36.394683,-121.9382,Historical
Condor,2021,15,36.200193,-121.880066,Historical
Condor,2021,15,36.435449,-121.183804,Historical
Condor,2021,15,36.497635,-121.110453,Historical
Condor,2021,13,37.181041,-121.239936,Historical
Condor,2022,20,36.605051,-121.32693,Historical
Condor,2022,20,34.624154,-118.724067,Historical
Condor,2022,15,36.433358,-121.16409,Historical
Condor,2022,10,36.431743,-121.245488,Historical
Condor,2022,17,34.982347,-119.211185,Historical
Condor,2022,17,36.438458,-121.002737,Historical
Condor,2022,17,36.439709,-121.054301,Historical
Condor,2022,25,36.433156,-121.088856,Historical
Condor,2023,32,36.412111,-121.069937,Historical
Condor,2023,12,34.527412,-118.648569,Historical
Condor,2023,22,34.509692,-118.929877,Historical
Condor,2023,22,36.534861,-121.148969,Historical
Condor,2023,22,36.428795,-121.016457,Historical
Condor,2023,18,36.482805,-121.046833,Historical
Condor,2023,20,36.3722,-121.719054,Historical
Condor,2024,25,35.739173,-121.003912,Historical
Condor,2024,19,36.457999,-121.151433,Historical
Condor,2024,15,36.561522,-121.197884,Historical
Condor,2024,13,36.428457,-121.34807,Historical
Condor,2024,13,36.443609,-121.088864,Historical
Condor,2024,13,36.573437,-121.043561,Historical
Condor,2024,12,36.443379,-121.04209,Historical
Condor,2024,14,34.946707,-119.285312,Historical
Condor,2024,16,36.527485,-121.135719,Historical
Florida Panther,2010,11,26.384122,-81.233174,Historical
Florida Panther,2010,11,26.116734,-81.489751,Historical
Florida Panther,2010,26,26.737779,-81.40211,Historical
Florida Panther,2010,19,26.190251,-81.333196,Historical
Florida Panther,2010,3,26.120815,-81.309173,Historical
Florida Panther,2011,36,26.171079,-81.286247,Historical
Florida Panther,2011,2,26.007431,-81.248081,Historical
Florida Panther,2011,2,26.218926,-81.606738,Historical
Florida Panther,2011,2,25.283562,-80.698144,Historical
Florida Panther,2011,6,26.545585,-81.619304,Historical
Florida Panther,2011,6,25.868319,-81.34261,Historical
Florida Panther,2011,6,26.725529,-81.300577,Historical
Florida Panther,2011,4,26.640739,-81.385401,Historical
Florida Panther,2011,4,25.907527,-81.278554,Historical
Florida Panther,2011,4,26.122804,-80.901365,Historical
Florida Panther,2012,19,26.090959,-80.891637,Historical
Florida Panther,2012,19,26.007108,-81.348375,Historical
Florida Panther,2012,12,26.047362,-81.149866,Historical
Florida Panther,2012,12,26.693766,-81.152409,Historical
Florida Panther,2012,5,25.978894,-81.281689,Historical
Florida Panther,2012,5,26.259008,-80.811586,Historical
Florida Panther,2012,6,26.155241,-81.216134,Historical
Florida Panther,2012,6,25.877718,-81.241205,Historical
Florida Panther,2013,16,26.107974,-81.231438,Historical
Florida Panther,2013,18,26.040406,-81.126509,Historical
Florida Panther,2013,23,26.167138,-81.026489,Historical
Florida Panther,2013,8,26.178193,-81.166877,Historical
Florida Panther,2013,8,26.423244,-81.624592,Historical
Florida Panther,2014,12,25.87155,-81.335413,Historical
Florida Panther,2014,12,25.984359,-81.446409,Historical
Florida Panther,2014,6,26.470614,-81.325141,Historical
Florida Panther,2014,6,26.003458,-81.333027,Historical
Florida Panther,2014,6,26.535004,-81.774683,Historical
Florida Panther,2014,9,26.305273,-81.612869,Historical
Florida Panther,2014,9,26.173905,-81.41266,Historical
Florida Panther,2014,9,25.975515,-81.258125,Historical
Florida Panther,2014,5,26.492885,-81.775362,Historical
Florida Panther,2014,5,28.363937,-81.371398,Historical
Florida Panther,2014,5,25.865452,-81.036412,Historical
Florida Panther,2015,43,26.340003,-81.452423,Historical
Florida Panther,2015,10,25.576582,-80.689018,Historical
Florida Panther,2015,10,25.583624,-80.798051,Historical
Florida Panther,2015,10,25.503471,-80.759317,Historical
Florida Panther,2015,10,25.434655,-80.609949,Historical
Florida Panther,2015,6,25.905796,-81.318633,Historical
Florida Panther,2016,8,27.330431,-80.625942,Historical
Florida Panther,2016,8,26.145726,-81.011185,Historical
Florida Panther,2016,8,26.358258,-81.033208,Historical
Florida Panther,2016,9,26.306806,-81.112447,Historical
Florida Panther,2016,9,26.203164,-81.287934,Historical
Florida Panther,2016,8,26.076829,-81.483987,Historical
Florida Panther,2016,8,26.17563,-81.55224,Historical
Florida Panther,2016,8,26.384122,-81.233174,Historical
Florida Panther,2016,20,26.116734,-81.489751,Historical
Florida Panther,2017,25,26.737779,-81.40211,Historical
Florida Panther,2017,8,26.190251,-81.333196,Historical
Florida Panther,2017,8,26.120815,-81.309173,Historical
Florida Panther,2017,8,26.171079,-81.286247,Historical
Florida Panther,2017,12,26.007431,-81.248081,Historical
Florida Panther,2017,12,26.218926,-81.606738,Historical
Florida Panther,2017,5,25.283562,-80.698144,Historical
Florida Panther,2017,5,26.545585,-81.619304,Historical
Florida Panther,2018,16,25.868319,-81.34261,Historical
Florida Panther,2018,16,26.725529,-81.300577,Historical
Florida Panther,2018,16,26.640739,-81.385401,Historical
Florida Panther,2018,3,25.907527,-81.278554,Historical
Florida Panther,2018,3,26.122804,-80.901365,Historical
Florida Panther,2018,3,26.090959,-80.891637,Historical
Florida Panther,2018,10,26.007108,-81.348375,Historical
Florida Panther,2018,10,26.047362,-81.149866,Historical
Florida Panther,2018,10,26.693766,-81.152409,Historical
Florida Panther,2018,1,25.978894,-81.281689,Historical
Florida Panther,2018,1,26.259008,-80.811586,Historical
Florida Panther,2018,1,26.155241,-81.216134,Historical
Florida Panther,2019,12,25.877718,-81.241205,Historical
Florida Panther,2019,12,26.107974,-81.231438,Historical
Florida Panther,2019,23,26.040406,-81.126509,Historical
Florida Panther,2019,23,26.167138,-81.026489,Historical
Florida Panther,2019,19,26.178193,-81.166877,Historical
Florida Panther,2019,8,26.423244,-81.624592,Historical
Florida Panther,2020,7,25.87155,-81.335413,Historical
Florida Panther,2020,7,25.984359,-81.446409,Historical
Florida Panther,2020,7,26.470614,-81.325141,Historical
Florida Panther,2020,46,26.003458,-81.333027,Historical
Florida Panther,2020,4,26.535004,-81.774683,Historical
Florida Panther,2020,4,26.305273,-81.612869,Historical
Florida Panther,2020,21,26.173905,-81.41266,Historical
Florida Panther,2021,32,25.975515,-81.258125,Historical
Florida Panther,2021,9,26.492885,-81.775362,Historical
Florida Panther,2021,9,28.363937,-81.371398,Historical
Florida Panther,2021,21,25.865452,-81.036412,Historical
Florida Panther,2021,32,26.340003,-81.452423,Historical
Florida Panther,2022,14,25.576582,-80.689018,Historical
Florida Panther,2022,14,25.583624,-80.798051,Historical
Florida Panther,2022,14,25.503471,-80.759317,Historical
Florida Panther,2022,4,25.434655,-80.609949,Historical
Florida Panther,2022,4,25.905796,-81.318633,Historical
Florida Panther,2022,4,27.330431,-80.625942,Historical
Florida Panther,2022,12,26.145726,-81.011185,Historical
Florida Panther,2022,12,26.358258,-81.033208,Historical
Florida Panther,2022,5,26.306806,-81.112447,Historical
Florida Panther,2022,5,26.203164,-81.287934,Historical
Florida Panther,2022,5,26.076829,-81.483987,Historical
Florida Panther,2023,24,26.17563,-81.55224,Historical
Florida Panther,2023,19,26.693766,-81.152409,Historical
Florida Panther,2023,19,25.978894,-81.281689,Historical
Florida Panther,2023,13,26.259008,-80.811586,Historical
Florida Panther,2023,13,26.155241,-81.216134,Historical
Florida Panther,2023,13,25.877718,-81.241205,Historical
Florida Panther,2023,10,26.107974,-81.231438,Historical
Florida Panther,2023,10,26.040406,-81.126509,Historical
Florida Panther,2024,25,26.167138,-81.026489,Historical
Florida Panther,2024,25,26.178193,-81.166877,Historical
Florida Panther,2024,39,26.423244,-81.624592,Historical
Florida Panther,2024,22,25.87155,-81.335413,Historical
Florida Panther,2024,9,25.984359,-81.446409,Historical
Florida Panther,2024,9,26.470614,-81.325141,Historical
Ocelot,2010,3,26.296596,-97.252573,Historical
Ocelot,2010,3,26.260652,-97.281708,Historical
Ocelot,2010,3,26.292051,-97.267578,Historical
Ocelot,2010,2,26.225579,-97.316166,Historical
Ocelot,2010,2,26.133806,-97.56913,Historical
Ocelot,2010,2,26.392221,-97.353094,Historical
Ocelot,2010,5,25.893085,-97.586748,Historical
Ocelot,2010,5,29.29598,-103.238525,Historical
Ocelot,2010,5,26.296596,-97.252573,Historical
Ocelot,2011,16,26.260652,-97.281708,Historical
Ocelot,2011,7,26.292051,-97.267578,Historical
Ocelot,2011,7,26.225579,-97.316166,Historical
Ocelot,2011,2,26.133806,-97.56913,Historical
Ocelot,2011,2,26.392221,-97.353094,Historical
Ocelot,2011,2,25.893085,-97.586748,Historical
Ocelot,2012,7,29.29598,-103.238525,Historical
Ocelot,2012,7,26.296596,-97.252573,Historical
Ocelot,2012,7,26.260652,-97.281708,Historical
Ocelot,2012,6,26.292051,-97.267578,Historical
Ocelot,2012,6,26.225579,-97.316166,Historical
Ocelot,2012,6,26.133806,-97.56913,Historical
Ocelot,2012,5,26.392221,-97.353094,Historical
Ocelot,2012,5,25.893085,-97.586748,Historical
Ocelot,2013,28,29.29598,-103.238525,Historical
Ocelot,2013,5,26.296596,-97.252573,Historical
Ocelot,2013,5,26.260652,-97.281708,Historical
Ocelot,2013,5,26.292051,-97.267578,Historical
Ocelot,2013,6,26.225579,-97.316166,Historical
Ocelot,2013,6,26.133806,-97.56913,Historical
Ocelot,2014,8,26.392221,-97.353094,Historical
Ocelot,2014,8,25.893085,-97.586748,Historical
Ocelot,2014,8,29.29598,-103.238525,Historical
Ocelot,2014,5,26.296596,-97.252573,Historical
Ocelot,2014,5,26.260652,-97.281708,Historical
Ocelot,2014,5,26.292051,-97.267578,Historical
Ocelot,2014,4,26.225579,-97.316166,Historical
Ocelot,2014,4,26.133806,-97.56913,Historical
Ocelot,2015,8,26.392221,-97.353094,Historical
Ocelot,2015,8,25.893085,-97.586748,Historical
Ocelot,2015,8,29.29598,-103.238525,Historical
Ocelot,2015,4,26.296596,-97.252573,Historical
Ocelot,2015,4,26.260652,-97.281708,Historical
Ocelot,2015,4,26.292051,-97.267578,Historical
Ocelot,2015,11,26.225579,-97.316166,Historical
Ocelot,2016,5,26.133806,-97.56913,Historical
Ocelot,2016,5,26.392221,-97.353094,Historical
Ocelot,2016,9,25.893085,-97.586748,Historical
Ocelot,2016,9,29.29598,-103.238525,Historical
Ocelot,2016,14,26.296596,-97.252573,Historical
Ocelot,2017,6,26.260652,-97.281708,Historical
Ocelot,2017,6,26.292051,-97.267578,Historical
Ocelot,2017,6,26.225579,-97.316166,Historical
Ocelot,2017,5,26.133806,-97.56913,Historical
Ocelot,2017,13,26.392221,-97.353094,Historical
Ocelot,2018,6,25.893085,-97.586748,Historical
Ocelot,2018,6,29.29598,-103.238525,Historical
Ocelot,2018,4,26.296596,-97.252573,Historical
Ocelot,2018,4,26.260652,-97.281708,Historical
Ocelot,2018,4,26.292051,-97.267578,Historical
Ocelot,2018,3,26.225579,-97.316166,Historical
Ocelot,2018,3,26.133806,-97.56913,Historical
Ocelot,2019,3,26.392221,-97.353094,Historical
Ocelot,2019,3,25.893085,-97.586748,Historical
Ocelot,2019,11,29.29598,-103.238525,Historical
Ocelot,2019,4,26.225579,-97.316166,Historical
Ocelot,2019,4,26.133806,-97.56913,Historical
Ocelot,2020,5,26.392221,-97.353094,Historical
Ocelot,2020,6,25.893085,-97.586748,Historical
Ocelot,2020,6,29.29598,-103.238525,Historical
Ocelot,2020,6,26.296596,-97.252573,Historical
Ocelot,2020,1,26.260652,-97.281708,Historical
Ocelot,2020,1,26.292051,-97.267578,Historical
Ocelot,2020,1,26.225579,-97.316166,Historical
Ocelot,2021,1,26.133806,-97.56913,Historical
Ocelot,2021,1,26.392221,-97.353094,Historical
Ocelot,2021,1,25.893085,-97.586748,Historical
Ocelot,2021,3,29.29598,-103.238525,Historical
Ocelot,2021,3,26.296596,-97.252573,Historical
Ocelot,2021,18,26.260652,-97.281708,Historical
Ocelot,2022,21,26.292051,-97.267578,Historical
Ocelot,2022,3,26.225579,-97.316166,Historical
Ocelot,2022,3,26.133806,-97.56913,Historical
Ocelot,2022,4,26.392221,-97.353094,Historical
Ocelot,2022,4,25.893085,-97.586748,Historical
Ocelot,2023,11,29.29598,-103.238525,Historical
Ocelot,2023,1,26.296596,-97.252573,Historical
Ocelot,2023,1,26.260652,-97.281708,Historical
Ocelot,2023,1,26.292051,-97.267578,Historical
Ocelot,2023,15,26.225579,-97.316166,Historical
Ocelot,2024,20,26.133806,-97.56913,Historical
Ocelot,2024,6,26.392221,-97.353094,Historical
Ocelot,2024,3,25.893085,-97.586748,Historical
Ocelot,2024,3,29.29598,-103.238525,Historical
Sierra Nevada Red Fox,2010,5,43.976003,-121.425616,Historical
Sierra Nevada Red Fox,2010,5,43.977923,-121.520902,Historical
Sierra Nevada Red Fox,2010,5,44.587984,-121.924514,Historical
Sierra Nevada Red Fox,2010,1,43.928963,-121.755667,Historical
Sierra Nevada Red Fox,2010,1,43.932645,-121.641535,Historical
Sierra Nevada Red Fox,2010,1,43.808188,-121.648224,Historical
Sierra Nevada Red Fox,2010,4,44.019697,-121.736967,Historical
Sierra Nevada Red Fox,2011,7,44.108546,-121.671092,Historical
Sierra Nevada Red Fox,2011,7,43.422927,-121.819305,Historical
Sierra Nevada Red Fox,2011,5,43.873096,-121.748837,Historical
Sierra Nevada Red Fox,2011,3,43.841667,-121.784339,Historical
Sierra Nevada Red Fox,2012,4,43.860721,-121.600082,Historical
Sierra Nevada Red Fox,2012,15,43.91871,-121.631312,Historical
Sierra Nevada Red Fox,2012,2,43.84522,-121.709404,Historical
Sierra Nevada Red Fox,2012,2,44.147078,-121.41792,Historical
Sierra Nevada Red Fox,2012,2,44.038414,-121.702307,Historical
Sierra Nevada Red Fox,2013,4,44.190833,-121.683714,Historical
Sierra Nevada Red Fox,2013,4,43.874368,-121.669596,Historical
Sierra Nevada Red Fox,2013,4,43.968712,-121.649497,Historical
Sierra Nevada Red Fox,2013,2,44.156335,-121.719676,Historical
Sierra Nevada Red Fox,2013,2,44.120697,-121.689943,Historical
Sierra Nevada Red Fox,2013,2,44.128956,-121.620483,Historical
Sierra Nevada Red Fox,2013,4,44.091241,-121.691486,Historical
Sierra Nevada Red Fox,2013,4,44.185007,-121.611978,Historical
Sierra Nevada Red Fox,2014,6,44.1034,-121.787172,Historical
Sierra Nevada Red Fox,2014,4,43.919063,-121.803384,Historical
Sierra Nevada Red Fox,2014,4,43.911101,-121.926531,Historical
Sierra Nevada Red Fox,2014,4,40.436888,-121.170099,Historical
Sierra Nevada Red Fox,2014,2,43.910284,-121.891764,Historical
Sierra Nevada Red Fox,2014,2,43.953281,-121.636333,Historical
Sierra Nevada Red Fox,2015,4,40.448612,-121.132536,Historical
Sierra Nevada Red Fox,2015,4,43.982712,-121.87281,Historical
Sierra Nevada Red Fox,2015,4,43.85182,-121.819207,Historical
Sierra Nevada Red Fox,2015,1,43.961124,-121.560051,Historical
Sierra Nevada Red Fox,2015,1,43.830568,-121.405315,Historical
Sierra Nevada Red Fox,2015,1,44.384319,-121.50796,Historical
Sierra Nevada Red Fox,2015,2,43.970448,-121.669017,Historical
Sierra Nevada Red Fox,2015,2,43.984826,-121.609755,Historical
Sierra Nevada Red Fox,2016,6,42.925148,-122.025505,Historical
Sierra Nevada Red Fox,2016,6,38.498289,-119.662397,Historical
Sierra Nevada Red Fox,2016,1,44.03594,-121.623213,Historical
Sierra Nevada Red Fox,2016,1,40.517602,-121.083518,Historical
Sierra Nevada Red Fox,2016,2,40.580059,-121.190042,Historical
Sierra Nevada Red Fox,2016,2,40.529619,-121.033012,Historical
Sierra Nevada Red Fox,2016,2,43.976003,-121.425616,Historical
Sierra Nevada Red Fox,2017,5,43.977923,-121.520902,Historical
Sierra Nevada Red Fox,2017,4,44.587984,-121.924514,Historical
Sierra Nevada Red Fox,2017,4,43.928963,-121.755667,Historical
Sierra Nevada Red Fox,2017,8,43.932645,-121.641535,Historical
Sierra Nevada Red Fox,2018,1,43.808188,-121.648224,Historical
Sierra Nevada Red Fox,2018,1,44.019697,-121.736967,Historical
Sierra Nevada Red Fox,2018,1,44.108546,-121.671092,Historical
Sierra Nevada Red Fox,2018,1,43.422927,-121.819305,Historical
Sierra Nevada Red Fox,2018,1,43.873096,-121.748837,Historical
Sierra Nevada Red Fox,2018,2,43.841667,-121.784339,Historical
Sierra Nevada Red Fox,2018,2,43.860721,-121.600082,Historical
Sierra Nevada Red Fox,2018,2,43.91871,-121.631312,Historical
Sierra Nevada Red Fox,2019,2,43.84522,-121.709404,Historical
Sierra Nevada Red Fox,2019,2,44.147078,-121.41792,Historical
Sierra Nevada Red Fox,2019,2,44.038414,-121.702307,Historical
Sierra Nevada Red Fox,2019,0,44.190833,-121.683714,Historical
Sierra Nevada Red Fox,2019,0,43.874368,-121.669596,Historical
Sierra Nevada Red Fox,2019,0,43.968712,-121.649497,Historical
Sierra Nevada Red Fox,2019,2,44.156335,-121.719676,Historical
Sierra Nevada Red Fox,2019,2,44.120697,-121.689943,Historical
Sierra Nevada Red Fox,2020,3,44.128956,-121.620483,Historical
Sierra Nevada Red Fox,2020,3,44.091241,-121.691486,Historical
Sierra Nevada Red Fox,2020,3,44.185007,-121.611978,Historical
Sierra Nevada Red Fox,2020,3,44.1034,-121.787172,Historical
Sierra Nevada Red Fox,2020,3,43.919063,-121.803384,Historical
Sierra Nevada Red Fox,2020,1,43.911101,-121.926531,Historical
Sierra Nevada Red Fox,2020,1,40.436888,-121.170099,Historical
Sierra Nevada Red Fox,2021,11,43.910284,-121.891764,Historical
Sierra Nevada Red Fox,2021,1,43.953281,-121.636333,Historical
Sierra Nevada Red Fox,2021,1,40.448612,-121.132536,Historical
Sierra Nevada Red Fox,2021,3,43.982712,-121.87281,Historical
Sierra Nevada Red Fox,2022,8,43.85182,-121.819207,Historical
Sierra Nevada Red Fox,2022,2,43.961124,-121.560051,Historical
Sierra Nevada Red Fox,2022,2,43.830568,-121.405315,Historical
Sierra Nevada Red Fox,2022,1,44.384319,-121.50796,Historical
Sierra Nevada Red Fox,2022,1,43.970448,-121.669017,Historical
Sierra Nevada Red Fox,2023,1,43.984826,-121.609755,Historical
Sierra Nevada Red Fox,2023,1,42.925148,-122.025505,Historical
Sierra Nevada Red Fox,2023,10,38.498289,-119.662397,Historical
Sierra Nevada Red Fox,2023,2,44.03594,-121.623213,Historical
Sierra Nevada Red Fox,2023,2,40.517602,-121.083518,Historical
Sierra Nevada Red Fox,2024,1,40.580059,-121.190042,Historical
Sierra Nevada Red Fox,2024,1,40.529619,-121.033012,Historical
Sierra Nevada Red Fox,2024,1,44.185007,-121.611978,Historical
Sierra Nevada Red Fox,2024,1,44.1034,-121.787172,Historical
Sierra Nevada Red Fox,2024,1,43.919063,-121.803384,Historical
Sierra Nevada Red Fox,2024,1,43.911101,-121.926531,Historical
Sierra Nevada Red Fox,2024,6,40.436888,-121.170099,Historical
Red Wolf,2010,25,46.814488,-119.800364,Historical
Red Wolf,2010,25,36.460412,-116.865342,Historical
Red Wolf,2010,28,43.325957,-123.217462,Historical
Red Wolf,2010,7,48.778319,-119.732351,Historical
Red Wolf,2011,7,48.622437,-119.660587,Historical
Red Wolf,2011,7,39.501689,-120.330025,Historical
Red Wolf,2011,8,33.996975,-118.425511,Historical
Red Wolf,2011,8,48.568274,-117.771273,Historical
Red Wolf,2011,8,46.158126,-122.094446,Historical
Red Wolf,2012,9,47.04898,-116.830554,Historical
Red Wolf,2012,9,46.702937,-117.469352,Historical
Red Wolf,2012,15,39.689373,-120.564991,Historical
Red Wolf,2012,15,46.531687,-124.060753,Historical
Red Wolf,2013,13,45.936342,-121.117375,Historical
Red Wolf,2013,26,32.620336,-116.18736,Historical
Red Wolf,2014,37,37.580918,-119.845205,Historical
Red Wolf,2014,8,37.580969,-119.981163,Historical
Red Wolf,2014,8,47.870297,-119.113238,Historical
Red Wolf,2015,10,47.310011,-123.172483,Historical
Red Wolf,2015,10,36.638978,-120.626101,Historical
Red Wolf,2015,10,37.478099,-121.954126,Historical
Red Wolf,2015,7,37.590285,-119.927207,Historical
Red Wolf,2015,7,37.442182,-122.365162,Historical
Red Wolf,2016,7,37.411628,-117.995338,Historical
Red Wolf,2016,6,45.496032,-116.784218,Historical
Red Wolf,2016,6,34.964775,-119.448279,Historical
Red Wolf,2016,7,37.478088,-121.95413,Historical
Red Wolf,2016,6,45.460582,-116.582639,Historical
Red Wolf,2016,6,33.640072,-117.845072,Historical
Red Wolf,2017,6,45.501208,-118.080932,Historical
Red Wolf,2017,6,35.894322,-119.276117,Historical
Red Wolf,2017,3,45.65353,-118.346915,Historical
Red Wolf,2017,3,45.763415,-118.278765,Historical
Red Wolf,2018,7,48.75098,-119.988273,Historical
Red Wolf,2018,7,44.782469,-118.597316,Historical
Red Wolf,2018,7,35.83787,-118.643726,Historical
Red Wolf,2018,2,35.902623,-118.796697,Historical
Red Wolf,2018,2,45.342555,-121.607645,Historical
Red Wolf,2018,2,46.814488,-119.800364,Historical
Red Wolf,2019,9,36.460412,-116.865342,Historical
Red Wolf,2019,9,43.325957,-123.217462,Historical
Red Wolf,2019,8,48.778319,-119.732351,Historical
Red Wolf,2019,8,48.622437,-119.660587,Historical
Red Wolf,2020,16,39.501689,-120.330025,Historical
Red Wolf,2020,5,33.996975,-118.425511,Historical
Red Wolf,2020,5,48.568274,-117.771273,Historical
Red Wolf,2021,17,46.158126,-122.094446,Historical
Red Wolf,2021,2,47.04898,-116.830554,Historical
Red Wolf,2021,2,46.702937,-117.469352,Historical
Red Wolf,2021,2,39.689373,-120.564991,Historical
Red Wolf,2022,4,46.531687,-124.060753,Historical
Red Wolf,2022,4,45.936342,-121.117375,Historical
Red Wolf,2022,5,32.620336,-116.18736,Historical
Red Wolf,2022,5,37.580918,-119.845205,Historical
Red Wolf,2022,5,37.580969,-119.981163,Historical
Red Wolf,2023,8,47.870297,-119.113238,Historical
Red Wolf,2023,8,47.310011,-123.172483,Historical
Red Wolf,2023,6,36.638978,-120.626101,Historical
Red Wolf,2023,5,37.478099,-121.954126,Historical
Red Wolf,2023,5,37.590285,-119.927207,Historical
Red Wolf,2023,5,37.442182,-122.365162,Historical
Red Wolf,2024,1,37.411628,-117.995338,Historical
Red Wolf,2024,1,45.496032,-116.784218,Historical
Red Wolf,2024,1,34.964775,-119.448279,Historical
Red Wolf,2024,4,37.478088,-121.95413,Historical
Red Wolf,2024,4,45.460582,-116.582639,Historical
Red Wolf,2024,3,33.640072,-117.845072,Historical
